{"IcoMoonType":"selection","icons":[{"icon":{"paths":[],"attrs":[],"width":724,"isMulticolor":false,"isMulticolor2":false,"grid":0,"tags":["nombre"]},"attrs":[],"properties":{"order":6,"id":0,"name":"nombre","prevSize":32,"code":59648},"setIdx":0,"setId":3,"iconIdx":1}],"height":1024,"metadata":{"name":"icomoon"},"preferences":{"showGlyphs":true,"showQuickUse":true,"showQuickUse2":true,"showSVGs":true,"fontPref":{"prefix":"icon-","metadata":{"fontFamily":"icomoon"},"metrics":{"emSize":1024,"baseline":6.25,"whitespace":50},"embed":false},"imagePref":{"prefix":"icon-","png":true,"useClassSelector":true,"color":0,"bgColor":16777215,"classSelector":".icon","name":"icomoon"},"historySize":50,"showCodes":true,"gridSize":16}}